escalation_id,alert_id,analyst_id,required,escalated_at,escalation_target,incident_id,status
ESC-0006,ALT-000018,ANL-009,Discretionary,2026-08-05 08:28:00,Lead Analyst,INC-2026007,Escalated
ESC-0008,ALT-000027,ANL-017,Yes,2026-07-29 22:18:00,Tier-2 CSIRT,INC-2026009,Escalated
ESC-0016,ALT-000052,ANL-022,Discretionary,2026-06-15 06:30:00,Lead Analyst,INC-2026017,Escalated
ESC-0053,ALT-000215,ANL-011,Discretionary,2026-08-05 18:34:00,Lead Analyst,INC-2026054,Escalated
ESC-0063,ALT-000257,ANL-011,Discretionary,2026-07-04 15:36:00,Lead Analyst,INC-2026064,Escalated
ESC-0068,ALT-000271,ANL-004,Yes,2026-08-06 13:25:00,Tier-2 CSIRT,INC-2026069,Escalated
ESC-0087,ALT-000352,ANL-004,Discretionary,2026-09-07 19:38:00,Lead Analyst,INC-2026088,Escalated
ESC-0109,ALT-000430,ANL-001,Discretionary,2026-08-23 14:35:00,Lead Analyst,INC-2026110,Escalated
ESC-0113,ALT-000444,ANL-001,Discretionary,2026-09-04 04:52:00,Lead Analyst,INC-2026114,Escalated
ESC-0144,ALT-000565,ANL-001,Discretionary,2026-09-04 00:39:00,Lead Analyst,INC-2026145,Escalated
ESC-0163,ALT-000643,ANL-012,Discretionary,2026-07-02 11:54:00,Lead Analyst,INC-2026164,Escalated
ESC-0200,ALT-000817,ANL-012,Yes,2026-07-19 18:56:00,Tier-2 CSIRT,INC-2026201,Escalated
ESC-0212,ALT-000870,ANL-014,Discretionary,2026-09-10 08:22:00,Lead Analyst,INC-2026213,Escalated
ESC-0266,ALT-001065,ANL-012,Yes,2026-08-15 08:20:00,Tier-2 CSIRT,INC-2026267,Escalated
ESC-0271,ALT-001071,ANL-001,Discretionary,2026-08-19 20:58:00,Lead Analyst,INC-2026272,Escalated
ESC-0273,ALT-001079,ANL-022,Discretionary,2026-07-09 05:35:00,Lead Analyst,INC-2026274,Escalated
ESC-0281,ALT-001111,ANL-013,Discretionary,2026-08-20 10:15:00,Lead Analyst,INC-2026282,Escalated
ESC-0348,ALT-001363,ANL-005,Yes,2026-07-23 12:01:00,Tier-2 CSIRT,INC-2026349,Escalated
ESC-0350,ALT-001367,ANL-012,Yes,2026-08-22 06:24:00,Tier-2 CSIRT,INC-2026351,Escalated
ESC-0360,ALT-001399,ANL-015,Yes,2026-07-25 01:21:00,Tier-2 CSIRT,INC-2026361,Escalated
ESC-0364,ALT-001428,ANL-021,Yes,2026-08-05 11:26:00,Tier-2 CSIRT,INC-2026365,Escalated
ESC-0385,ALT-001515,ANL-009,Yes,2026-08-05 06:55:00,Tier-2 CSIRT,INC-2026386,Escalated
ESC-0390,ALT-001547,ANL-016,Discretionary,2026-08-30 00:52:00,Lead Analyst,INC-2026391,Escalated
ESC-0395,ALT-001566,ANL-019,Yes,2026-08-08 14:32:00,Tier-2 CSIRT,INC-2026396,Escalated
ESC-0423,ALT-001652,ANL-011,Discretionary,2026-09-08 20:50:00,Lead Analyst,INC-2026424,Escalated
ESC-0513,ALT-002043,ANL-001,Discretionary,2026-06-17 06:18:00,Lead Analyst,INC-2026514,Escalated
ESC-0543,ALT-002127,ANL-011,Yes,2026-08-04 12:28:00,Tier-2 CSIRT,INC-2026544,Escalated
ESC-0589,ALT-002300,ANL-022,Yes,2026-06-25 18:28:00,Tier-2 CSIRT,INC-2026590,Escalated
ESC-0591,ALT-002313,ANL-015,Discretionary,2026-08-15 08:46:00,Lead Analyst,INC-2026592,Escalated
ESC-0595,ALT-002335,ANL-014,Discretionary,2026-07-04 05:09:00,Lead Analyst,INC-2026596,Escalated
ESC-0619,ALT-002431,ANL-015,Discretionary,2026-08-11 13:23:00,Lead Analyst,INC-2026620,Escalated
ESC-0627,ALT-002465,ANL-004,Yes,2026-06-30 23:32:00,Tier-2 CSIRT,INC-2026628,Escalated
ESC-0639,ALT-002508,ANL-006,Yes,2026-08-23 14:11:00,Tier-2 CSIRT,INC-2026640,Escalated
ESC-0720,ALT-002837,ANL-007,Discretionary,2026-06-16 17:29:00,Lead Analyst,INC-2026721,Escalated
ESC-0793,ALT-003082,ANL-010,Discretionary,2026-07-31 08:01:00,Lead Analyst,INC-2026794,Escalated
ESC-0832,ALT-003225,ANL-013,Discretionary,2026-06-18 07:56:00,Lead Analyst,INC-2026833,Escalated
ESC-0848,ALT-003270,ANL-008,Yes,2026-07-30 09:44:00,Tier-2 CSIRT,INC-2026849,Escalated
ESC-0907,ALT-003563,ANL-015,Discretionary,2026-06-21 12:02:00,Lead Analyst,INC-2026908,Escalated
ESC-0925,ALT-003622,ANL-006,Yes,2026-08-29 21:24:00,Tier-2 CSIRT,INC-2026926,Escalated
ESC-0932,ALT-003658,ANL-010,Yes,2026-06-25 01:27:00,Tier-2 CSIRT,INC-2026933,Escalated
ESC-0968,ALT-003795,ANL-018,Discretionary,2026-06-18 17:15:00,Lead Analyst,INC-2026969,Escalated
ESC-0970,ALT-003812,ANL-036,Yes,2026-06-13 12:16:00,Tier-2 CSIRT,INC-2026971,Escalated
ESC-0972,ALT-003826,ANL-024,Yes,2026-08-06 13:56:00,Tier-2 CSIRT,INC-2026973,Escalated
ESC-0973,ALT-003833,ANL-040,Yes,2026-09-10 08:53:00,Tier-2 CSIRT,INC-2026974,Escalated
ESC-0977,ALT-003885,ANL-040,Yes,2026-08-28 09:36:00,Tier-2 CSIRT,INC-2026978,Escalated
ESC-1021,ALT-004211,ANL-026,Yes,2026-06-12 09:53:00,Tier-2 CSIRT,INC-2027022,Escalated
ESC-1042,ALT-004345,ANL-025,Yes,2026-09-02 13:24:00,Tier-2 CSIRT,INC-2027043,Escalated
ESC-1106,ALT-004839,ANL-024,Yes,2026-07-05 04:58:00,Tier-2 CSIRT,INC-2027107,Escalated
ESC-1140,ALT-005063,ANL-030,Yes,2026-08-23 06:01:00,Tier-2 CSIRT,INC-2027141,Escalated
ESC-1171,ALT-005420,ANL-036,Yes,2026-07-22 17:56:00,Tier-2 CSIRT,INC-2027172,Escalated
ESC-1172,ALT-005433,ANL-036,Yes,2026-08-06 03:42:00,Tier-2 CSIRT,INC-2027173,Escalated
ESC-1198,ALT-005649,ANL-034,Yes,2026-06-23 19:16:00,Tier-2 CSIRT,INC-2027199,Escalated
ESC-1202,ALT-005660,ANL-033,Yes,2026-06-15 09:39:00,Tier-2 CSIRT,INC-2027203,Escalated
ESC-1250,ALT-006081,ANL-039,Yes,2026-08-12 14:50:00,Tier-2 CSIRT,INC-2027251,Escalated
ESC-1261,ALT-006187,ANL-034,Yes,2026-06-18 01:08:00,Tier-2 CSIRT,INC-2027262,Escalated
ESC-1293,ALT-006448,ANL-027,Yes,2026-08-05 17:44:00,Tier-2 CSIRT,INC-2027294,Escalated
ESC-1335,ALT-006732,ANL-027,Yes,2026-09-01 14:41:00,Tier-2 CSIRT,INC-2027336,Escalated
ESC-1345,ALT-006795,ANL-023,Yes,2026-07-13 16:09:00,Tier-2 CSIRT,INC-2027346,Escalated
ESC-1351,ALT-006827,ANL-030,Yes,2026-07-20 03:05:00,Tier-2 CSIRT,INC-2027352,Escalated
ESC-1387,ALT-007067,ANL-023,Yes,2026-07-04 07:18:00,Tier-2 CSIRT,INC-2027388,Escalated
ESC-1405,ALT-007181,ANL-030,Yes,2026-07-05 22:34:00,Tier-2 CSIRT,INC-2027406,Escalated
ESC-1439,ALT-007433,ANL-044,Yes,2026-06-12 12:32:00,Tier-2 CSIRT,INC-2027440,Escalated
ESC-1452,ALT-007547,ANL-043,Yes,2026-07-06 02:11:00,Tier-2 CSIRT,INC-2027453,Escalated
ESC-1464,ALT-007623,ANL-050,Yes,2026-07-04 01:49:00,Tier-2 CSIRT,INC-2027465,Escalated
ESC-1535,ALT-008202,ANL-045,Yes,2026-07-15 10:54:00,Tier-2 CSIRT,INC-2027536,Escalated
ESC-1551,ALT-008343,ANL-050,Yes,2026-08-08 15:28:00,Tier-2 CSIRT,INC-2027552,Escalated
ESC-1562,ALT-008415,ANL-053,Yes,2026-07-23 09:43:00,Tier-2 CSIRT,INC-2027563,Escalated
ESC-1582,ALT-008603,ANL-048,Yes,2026-09-09 12:17:00,Tier-2 CSIRT,INC-2027583,Escalated
ESC-1588,ALT-008676,ANL-049,Yes,2026-06-26 21:11:00,Tier-2 CSIRT,INC-2027589,Escalated
ESC-1595,ALT-008743,ANL-055,Yes,2026-07-10 14:07:00,Tier-2 CSIRT,INC-2027596,Escalated
ESC-1615,ALT-008910,ANL-052,Yes,2026-07-31 15:07:00,Tier-2 CSIRT,INC-2027616,Escalated
ESC-1657,ALT-009264,ANL-051,Yes,2026-07-13 02:19:00,Tier-2 CSIRT,INC-2027658,Escalated
ESC-1659,ALT-009286,ANL-052,Yes,2026-06-21 17:50:00,Tier-2 CSIRT,INC-2027660,Escalated
ESC-1662,ALT-009333,ANL-049,Yes,2026-07-28 11:39:00,Tier-2 CSIRT,INC-2027663,Escalated
ESC-1684,ALT-009465,ANL-054,Yes,2026-06-19 22:42:00,Tier-2 CSIRT,INC-2027685,Escalated
ESC-1685,ALT-009472,ANL-044,Yes,2026-07-03 04:11:00,Tier-2 CSIRT,INC-2027686,Escalated
ESC-1695,ALT-009519,ANL-051,Yes,2026-08-23 18:00:00,Tier-2 CSIRT,INC-2027696,Escalated
ESC-1707,ALT-009576,ANL-042,Yes,2026-06-27 00:01:00,Tier-2 CSIRT,INC-2027708,Escalated
ESC-1711,ALT-009594,ANL-042,Yes,2026-08-20 21:54:00,Tier-2 CSIRT,INC-2027712,Escalated
ESC-1728,ALT-009724,ANL-048,Yes,2026-08-29 11:23:00,Tier-2 CSIRT,INC-2027729,Escalated
ESC-1759,ALT-009986,ANL-045,Yes,2026-07-12 20:51:00,Tier-2 CSIRT,INC-2027760,Escalated
ESC-1760,ALT-010001,ANL-041,Yes,2026-07-22 12:15:00,Tier-2 CSIRT,INC-2027761,Escalated
ESC-1769,ALT-010090,ANL-046,Yes,2026-07-11 04:46:00,Tier-2 CSIRT,INC-2027770,Escalated
ESC-1778,ALT-010151,ANL-045,Yes,2026-06-18 16:49:00,Tier-2 CSIRT,INC-2027779,Escalated
ESC-1786,ALT-010211,ANL-049,Yes,2026-08-24 18:06:00,Tier-2 CSIRT,INC-2027787,Escalated
ESC-1876,ALT-010991,ANL-062,Yes,2026-09-02 07:36:00,Tier-2 CSIRT,INC-2027877,Escalated
ESC-1967,ALT-011761,ANL-075,Yes,2026-07-24 15:25:00,Tier-2 CSIRT,INC-2027968,Escalated
ESC-1970,ALT-011777,ANL-063,Yes,2026-06-16 11:35:00,Tier-2 CSIRT,INC-2027971,Escalated
ESC-1986,ALT-011877,ANL-067,Yes,2026-06-27 10:28:00,Tier-2 CSIRT,INC-2027987,Escalated
ESC-1992,ALT-011925,ANL-065,Yes,2026-07-25 01:44:00,Tier-2 CSIRT,INC-2027993,Escalated
ESC-1997,ALT-011960,ANL-068,Yes,2026-07-28 08:36:00,Tier-2 CSIRT,INC-2027998,Escalated
